,q_Glc,q_MSG,Growth rate µ,q_Trehalose,q_Glycine,q_Alanine,q_Proline,q_Valine,q_Threonine,q_Isoleucine,q_Aspartate,q_Lysine,q_Phenylalanine,q_Leucine,q_Methionine,q_Histidine,q_Arginine,q_Tyrosine,q_Lactate,q_Acetate,q_EtOH,q_Glycerol,q_Oxaloacetate,q_Malate,q_Pyruvate,q_Citrate
High Cell Density,0.024143921942413122,0.005258870941661782,0.0013330678902441554,0.008092411246406618,6.284953395472703e-06,1.818181818181818e-07,1.0165073848827108e-06,3.5354397950469685e-06,3.341729638958858e-07,9.527439024390244e-08,2.99023290758828e-07,2.359781121751026e-08,0.0,0.0,0.0,0.0,0.0,0.0,0,0,0,0,0,0,0,0
Low Cell Density,0.009043081720950533,0.009315783602500226,0.003161972485648791,0.002883469278051745,0.0,0.0,0.0,0.0,6.381192275398825e-08,0.0,0.0,0.0,0.0,0.0,0.0,0.0,0.0,0.0,0,0,0,0,0,0,0,0
Overfeeding,0.03311831378801596,0.11037863326857715,0.017950449297998085,0.01022506836188562,0.0006737683089214381,0.0003860830527497195,1.1902693310165074e-05,0.003321947053800171,2.8631402183039463e-05,5.861280487804878e-05,1.3974455296769347e-05,7.934336525307798e-07,2.142857142857143e-06,0.0,0.0,0.0,0.0,0.0,0,0,0,0,0,0,0,0
