,q_Glc,q_MSG,Growth rate µ,q_Trehalose,q_Glycine,q_Alanine,q_Proline,q_Valine,q_Threonine,q_Isoleucine,q_Aspartate,q_Lysine,q_Phenylalanine,q_Leucine,q_Methionine,q_Histidine,q_Arginine,q_Tyrosine,q_Lactate,q_Acetate,q_EtOH,q_Glycerol,q_Oxaloacetate,q_Malate,q_Pyruvate,q_Citrate
High Cell Density,-0.22713648171584624,-0.5296812342826073,0.036818,0.01752868862037535,0.0006045272969374168,1.750841750841751e-05,9.730668983492615e-05,0.0003398804440649018,3.2157850545759864e-05,9.146341463414635e-06,2.8775356874530427e-05,2.2708618331053354e-06,0.0,0.0,0.0,0.0,0.0,0.0,0,0,0,0,0,0,0,0
Low Cell Density,-0.12952108172916804,-0.36631550329640455,0.030428,0.00432374319302592,0.0,0.0,0.0,0.0,2.191435768261965e-06,0.0,0.0,0.0,0.0,0.0,0.0,0.0,0.0,0.0,0,0,0,0,0,0,0,0
Overfeeding,-0.3306800772663691,-0.7114660504315913,0.054386000000000004,0.026731250146072406,0.006018641810918775,0.003367003367003367,0.0001268462206776716,0.029035012809564473,0.00025692695214105793,0.0005121951219512195,0.0001292261457550714,7.4555403556771545e-06,1.8644067796610173e-05,0.0,0.0,0.0,0.0,0.0,0,0,0,0,0,0,0,0
